Strategy,Step,Model,Target,MSE,RMSE,MAE,R2,NRMSE,MAPE%,sMAPE%
B(CLU-BASE)_t+1,1,Seq2Seq LSTM + Clusters,rnti_count,2395680.2424056055,1547.7985147962913,1148.1050417865288,0.5791233496637271,0.11334201192114512,25.46613445124748,22.700098500636603
B(CLU-BASE)_t+1,1,Seq2Seq LSTM + Clusters,rb_down,0.0008228056176847,0.02868458850471277,0.013473429109291219,0.5596529488006736,0.09135935450708263,42.470901590845514,33.9049910051232
B(CLU-BASE)_t+1,1,Seq2Seq LSTM + Clusters,rb_up,8.444126599911598e-05,0.00918919289160457,0.00407061425728514,0.6132104131697702,0.10986465922072064,1145.6279601646609,111.35402417160503
B(CLU-BASE)_t+1,1,Seq2Seq LSTM + Clusters,down,4922179419546237.0,70158245.55635807,40430934.9193184,0.5010461296756307,0.08429327746938516,35.77251313438276,30.0676558963099
B(CLU-BASE)_t+1,1,Seq2Seq LSTM + Clusters,up,158930746091362.0,12606773.817728389,5678838.077997183,0.5648290424087051,0.10251378405968249,7649607335400.41,94.60967384704382
B(CLU-BASE)_t+2,2,Seq2Seq LSTM + Clusters,rnti_count,2633982.9398141447,1622.9550023996799,1218.657359327248,0.5373773436396778,0.11884556256579462,27.660983166284474,24.161698723090446
B(CLU-BASE)_t+2,2,Seq2Seq LSTM + Clusters,rb_down,0.0009208608497066695,0.030345689145357527,0.014710737175246277,0.50703019177238,0.09664989867074297,49.09018941173601,37.19428310806467
B(CLU-BASE)_t+2,2,Seq2Seq LSTM + Clusters,rb_up,9.89983358529411e-05,0.009949790744178547,0.004525559666399422,0.5461512583573724,0.11895825697873445,1744.54851081334,119.30607886915894
B(CLU-BASE)_t+2,2,Seq2Seq LSTM + Clusters,down,5371636390909261.0,73291448.279518,42541968.95877015,0.455398443360189,0.088057737718024,38.38189195612875,31.74245838946545
B(CLU-BASE)_t+2,2,Seq2Seq LSTM + Clusters,up,185791795574465.7,13630546.415109912,6180302.949156094,0.4905525689650986,0.11083873733413575,11540887549523.562,100.82285134123126
B(CLU-BASE)_t+3,3,Seq2Seq LSTM + Clusters,rnti_count,2782994.659395989,1668.2309970133,1260.8148432118867,0.511342526936118,0.12216102790070874,28.921704785439783,24.969693190067467
B(CLU-BASE)_t+3,3,Seq2Seq LSTM + Clusters,rb_down,0.001023071600535159,0.03198549046888541,0.015645561574486135,0.45205240515785283,0.10187260529638459,52.41047205333958,39.139920628197835
B(CLU-BASE)_t+3,3,Seq2Seq LSTM + Clusters,rb_up,0.00011221555956141642,0.010593184580730029,0.004881285542418195,0.48531041983031165,0.12665058049737785,1725.8764182720056,121.92701875630065
B(CLU-BASE)_t+3,3,Seq2Seq LSTM + Clusters,down,5784232631283405.0,76054142.76213627,44530498.19436933,0.41311487952962045,0.09137704210968543,40.30675205929108,33.10847236779618
B(CLU-BASE)_t+3,3,Seq2Seq LSTM + Clusters,up,209014275606356.94,14457326.018540114,6599578.960035931,0.426432660500752,0.11756181390839811,10871504098858.06,102.10985355307143
B(CLU-BASE)_t+4,4,Seq2Seq LSTM + Clusters,rnti_count,2893923.5851554982,1701.1536042214113,1285.8208811590905,0.4919705494912706,0.12457188080112519,29.605663626100537,25.469723798350046
B(CLU-BASE)_t+4,4,Seq2Seq LSTM + Clusters,rb_down,0.0011156747650138755,0.033401717994945644,0.016629582644483894,0.4024104952653592,0.10638323763802575,56.73846184184201,41.38529324459581
B(CLU-BASE)_t+4,4,Seq2Seq LSTM + Clusters,rb_up,0.00012391400624695844,0.01113166682249152,0.005231080785600747,0.4313536416417425,0.13308859618443408,1754.2157565666778,124.45033992112313
B(CLU-BASE)_t+4,4,Seq2Seq LSTM + Clusters,down,6238413402288657.0,78983627.43182069,46516400.47201334,0.3670146557943472,0.0948967405021667,42.097076547045106,34.281672624922635
B(CLU-BASE)_t+4,4,Seq2Seq LSTM + Clusters,up,229002920011483.8,15132842.430009102,6994492.016413921,0.3706260736088006,0.12305487220668537,11156201959629.672,103.83477263498202
B(CLU-BASE)_t+5,5,Seq2Seq LSTM + Clusters,rnti_count,2986082.1939284867,1728.0284123614654,1306.5944972312943,0.47596622850841397,0.12653986616580257,30.25739109783429,25.8934403384739
B(CLU-BASE)_t+5,5,Seq2Seq LSTM + Clusters,rb_down,0.0011877422170535645,0.034463636155425685,0.017536306267063397,0.36378915024394176,0.10976540774183832,61.4828451120262,43.83948352895845
B(CLU-BASE)_t+5,5,Seq2Seq LSTM + Clusters,rb_up,0.0001345399740752919,0.011599136781471796,0.005559423707195086,0.38206095160757336,0.13867759930419823,1867.9720027122262,128.49098277050174
B(CLU-BASE)_t+5,5,Seq2Seq LSTM + Clusters,down,6617466860012898.0,81347814.107159,47869053.75632525,0.32860322360470184,0.09773724829755663,43.71142423494545,35.175560374179
B(CLU-BASE)_t+5,5,Seq2Seq LSTM + Clusters,up,245331712168894.56,15663068.414869884,7388527.163201267,0.32488489532750064,0.12736648062456724,11395532159766.246,107.98303635668915
B(CLU-BASE)_t+6,6,Seq2Seq LSTM + Clusters,rnti_count,3036340.7132379203,1742.5098889928631,1314.9609260820507,0.46718524566170117,0.12760031407378347,30.808867238192704,26.156750397985423
B(CLU-BASE)_t+6,6,Seq2Seq LSTM + Clusters,rb_down,0.0012444224678388985,0.03527637265704764,0.018214954589887075,0.3333784978696941,0.11235394346931885,65.72918290254125,46.07240371588136
B(CLU-BASE)_t+6,6,Seq2Seq LSTM + Clusters,rb_up,0.00014346829224276875,0.011977825021378828,0.005889716589164738,0.34094040396863956,0.1432051410501432,2142.8173304887655,133.15854957608335
B(CLU-BASE)_t+6,6,Seq2Seq LSTM + Clusters,down,6901576956630568.0,83075730.25035994,49102507.77373588,0.29978984804007447,0.09981329386779063,45.2250356476786,36.10219667992378
B(CLU-BASE)_t+6,6,Seq2Seq LSTM + Clusters,up,260316796908524.9,16134335.961189259,7787989.782971167,0.283604379536039,0.1311986600684296,13313870856921.102,113.15415220884069
B(CLU-BASE)_t+1,1,Transformer + Clusters,rnti_count,2308011.351379054,1519.2140571292296,1119.0813346081343,0.5945251501798512,0.11124883253720833,23.20687746596338,22.62013102423705
B(CLU-BASE)_t+1,1,Transformer + Clusters,rb_down,0.000805280024831415,0.02837745627838082,0.013374842693860526,0.5690322517217936,0.09038114971458927,42.70628494339855,40.67545886626264
B(CLU-BASE)_t+1,1,Transformer + Clusters,rb_up,8.518070240839747e-05,0.009229339218405479,0.004030039012976484,0.6098233689343581,0.11034464288903335,2450.844919430706,157.20516226443263
B(CLU-BASE)_t+1,1,Transformer + Clusters,down,4782542705565525.0,69155930.37162846,40413591.796147436,0.5152008918127811,0.08308902227018235,36.307312141506536,30.162684638428427
B(CLU-BASE)_t+1,1,Transformer + Clusters,up,157845640356302.88,12563663.492640309,5083005.881588968,0.5678001887314061,0.10216322628647906,12482136623294.049,122.75277463532493
B(CLU-BASE)_t+2,2,Transformer + Clusters,rnti_count,2479226.4515033616,1574.5559537543788,1163.1803548508694,0.5645581794109155,0.11530140258884196,24.162846453640533,23.372128853857333
B(CLU-BASE)_t+2,2,Transformer + Clusters,rb_down,0.0009084152413317449,0.03013992769287519,0.014327114165514404,0.5136927718742672,0.09599455604736395,44.618039190844044,37.611381346315504
B(CLU-BASE)_t+2,2,Transformer + Clusters,rb_up,0.00010058787886007246,0.01002935086932711,0.00428971523569424,0.538864145019982,0.11990946631127448,2067.2375684357767,157.31493380168413
B(CLU-BASE)_t+2,2,Transformer + Clusters,down,5203939082384543.0,72138332.96094763,42412669.60926098,0.4724003788265262,0.08667230014426983,38.44998636630186,31.602111455473263
B(CLU-BASE)_t+2,2,Transformer + Clusters,up,183095879261175.4,13531292.593879396,5529778.208619288,0.49794486331181176,0.11003164069356504,10412439341378.297,125.50910199692622
B(CLU-BASE)_t+3,3,Transformer + Clusters,rnti_count,2617432.868352566,1617.848221667461,1199.41260559229,0.5404130126354216,0.1184716038127033,25.0422367121732,24.10712680684581
B(CLU-BASE)_t+3,3,Transformer + Clusters,rb_down,0.00100616762641319,0.031720145434931256,0.01532755674694378,0.4611060158323763,0.10102749116759978,48.60647357130562,39.499008824229534
B(CLU-BASE)_t+3,3,Transformer + Clusters,rb_up,0.00011396445857036775,0.010675413742350585,0.004637587459911811,0.47728889322389045,0.12763370044338548,2128.328413157186,157.78452804563105
B(CLU-BASE)_t+3,3,Transformer + Clusters,down,5556007903407442.0,74538633.62986635,44229644.29049824,0.4362712263524289,0.08955619794830748,40.39611892581305,32.854640696966875
B(CLU-BASE)_t+3,3,Transformer + Clusters,up,203858369265290.5,14277897.928802073,5917642.315817302,0.44058126099310435,0.11610276873858787,11696576102815.545,113.60241264445399
B(CLU-BASE)_t+4,4,Transformer + Clusters,rnti_count,2724083.4241510737,1650.479755753179,1224.3806968670594,0.5217860581356552,0.12086114204393456,25.643881428245297,24.638395543962783
B(CLU-BASE)_t+4,4,Transformer + Clusters,rb_down,0.0010971717245293212,0.03312358260408015,0.016371048996469618,0.41232128929421974,0.10549738669507527,53.956772367102324,40.51686478797005
B(CLU-BASE)_t+4,4,Transformer + Clusters,rb_up,0.00012638361698390246,0.011242046832490178,0.004943495601035722,0.42002049864476076,0.1344082835961938,2136.24230347731,155.68483088356334
B(CLU-BASE)_t+4,4,Transformer + Clusters,down,5967877080321626.0,77252036.09175377,46114114.62018893,0.39446482875300504,0.09281627928004856,42.01390925156374,34.0238911719954
B(CLU-BASE)_t+4,4,Transformer + Clusters,up,223761077753388.56,14958645.585526403,6264379.272296654,0.38503234774423645,0.12163836565573376,9896533155015.291,109.2399401866956
B(CLU-BASE)_t+5,5,Transformer + Clusters,rnti_count,2813559.5504496587,1677.3668502893631,1244.1104525152589,0.506242585841689,0.12283002711541702,26.074125230762597,25.106743986308917
B(CLU-BASE)_t+5,5,Transformer + Clusters,rb_down,0.001165794893926629,0.03414373872215269,0.01695913705683712,0.37554517347522565,0.1087465462369054,55.311231993849084,41.92426463380393
B(CLU-BASE)_t+5,5,Transformer + Clusters,rb_up,0.0001374200520250242,0.011722629910776173,0.0051816726263939844,0.3688328189296406,0.14015406527103208,2036.910808539899,152.61597004004787
B(CLU-BASE)_t+5,5,Transformer + Clusters,down,6232286502520123.0,78944832.01907597,47055996.23085757,0.3676829584673157,0.09485012883927381,42.866428408381616,34.71062531233755
B(CLU-BASE)_t+5,5,Transformer + Clusters,up,240195586665100.62,15498244.631734932,6524963.692114737,0.3390187220409334,0.12602619246230679,6991919337589.344,103.8401390189577
B(CLU-BASE)_t+6,6,Transformer + Clusters,rnti_count,2843787.728995304,1686.3533820036962,1248.983200986113,0.5009742965903534,0.12348809182794825,26.368883876246574,25.048208444724985
B(CLU-BASE)_t+6,6,Transformer + Clusters,rb_down,0.0012248591111069904,0.03499798724365432,0.01753378509142852,0.34385834260761794,0.11146729621385543,57.49612199389126,43.50027484753498
B(CLU-BASE)_t+6,6,Transformer + Clusters,rb_up,0.0001474365828117653,0.012142346676477546,0.005462658274033829,0.3227110102924927,0.1451721381286748,2171.5000871362527,157.27520431336922
B(CLU-BASE)_t+6,6,Transformer + Clusters,down,6489757457989497.0,80559030.89033219,47984020.313095026,0.3415716314695104,0.0967895461132743,43.86202591150386,35.33054118700116
B(CLU-BASE)_t+6,6,Transformer + Clusters,up,257018741404976.3,16031804.059586566,6844241.957904883,0.2926806763668559,0.13036490724854907,6430956659308.407,104.77530218685594
